{
  "audit_type": "dp_baseline",
  "calibration": {
    "calibration_configs": [
      {
        "grid_size": 51,
        "z_nodes": 5
      },
      {
        "grid_size": 91,
        "z_nodes": 7
      }
    ],
    "case_ids": [
      20,
      57
    ],
    "evaluated_cases": 2,
    "high_threshold": 0.15,
    "mc_paths": 50,
    "mild_threshold": 0.07,
    "mode": "calibration",
    "output_dir": "C:\\Users\\xiangjiankai\\Desktop\\GBWM\\gbwm-metarl\\outputs\\tables\\dp_audit_smoke",
    "passed_cases": 2,
    "passed_greedy_efficiency_mean": 0.6012374198717299,
    "seed": 260502300,
    "stable_threshold": 0.03,
    "suite_seconds": 5.391518899938092
  },
  "frontier": {
    "mu": [
      0.018,
      0.025958888730293703,
      0.03234590430009065,
      0.03824908948283916,
      0.043858505774054785,
      0.04925913360793953,
      0.05449900252771378,
      0.05960885520254419,
      0.06460998058258341,
      0.06951794914827215,
      0.0743446172499385,
      0.07909929729687608,
      0.08378948582587181,
      0.08842133964611522,
      0.093
    ],
    "name": "synthetic_baseline",
    "notes": "The paper PDF does not provide exact baseline frontier coordinates; replace this spec when source data is recovered.",
    "numeric_status": "structural_reproduction_only",
    "sigma": [
      0.035,
      0.05035714285714286,
      0.06571428571428571,
      0.08107142857142857,
      0.09642857142857142,
      0.11178571428571428,
      0.12714285714285714,
      0.14250000000000002,
      0.15785714285714286,
      0.1732142857142857,
      0.18857142857142856,
      0.20392857142857143,
      0.21928571428571428,
      0.23464285714285713,
      0.25
    ],
    "source": "local deterministic synthetic curve"
  },
  "rows": [
    {
      "T": 20,
      "calibration_passed": true,
      "calibration_status": "stable",
      "case_id": 20,
      "dp_below_greedy": false,
      "dp_mean_utility": 3.52,
      "dp_relative_spread": 0.011235955056179785,
      "dp_seconds_total": 0.37085619987919927,
      "dp_value_at_W0": 3.541649577936128,
      "goals": 10,
      "greedy_efficiency_vs_dp": 0.42613636363636365,
      "greedy_mean_utility": 1.5,
      "mc_paths": 50,
      "monotonicity_violations": 0,
      "reference_grid_size_actual": 92,
      "reference_grid_size_requested": 91,
      "reference_z_nodes": 7
    },
    {
      "T": 60,
      "calibration_passed": true,
      "calibration_status": "stable",
      "case_id": 57,
      "dp_below_greedy": false,
      "dp_mean_utility": 2238.74,
      "dp_relative_spread": 0.000535728635588575,
      "dp_seconds_total": 4.901677799876779,
      "dp_value_at_W0": 2499.003368629196,
      "goals": 60,
      "greedy_efficiency_vs_dp": 0.776338476107096,
      "greedy_mean_utility": 1738.02,
      "mc_paths": 50,
      "monotonicity_violations": 0,
      "reference_grid_size_actual": 210,
      "reference_grid_size_requested": 91,
      "reference_z_nodes": 7
    }
  ]
}