case_id,T,goals,wealth_grid_size_requested,wealth_grid_size_actual,z_nodes,mc_paths,dp_seconds,dp_value_at_W0,monotonicity_violations,dp_mean_utility,greedy_mean_utility,greedy_efficiency_vs_dp
20,20,10,51,51,5,50,0.12608269997872412,3.50513212081343,0,3.56,1.5,0.42134831460674155
20,20,10,91,92,7,50,0.24477349990047514,3.541649577936128,0,3.52,1.5,0.42613636363636365
57,60,60,51,170,5,50,1.407795999897644,2441.6553284672045,0,2239.94,1738.02,0.7759225693545363
57,60,60,91,210,7,50,3.4938817999791354,2499.003368629196,0,2238.74,1738.02,0.776338476107096
