case_id,T,goals,wealth_grid_size_requested,wealth_grid_size_actual,z_nodes,mc_paths,dp_seconds,dp_value_at_W0,monotonicity_violations,dp_mean_utility,greedy_mean_utility,greedy_efficiency_vs_dp
20,20,10,51,51,5,300,0.12091169995255768,3.50513212081343,0,3.4633333333333334,1.4766666666666666,0.42637151106833493
20,20,10,91,92,7,300,0.21758069982752204,3.541649577936128,0,3.46,1.4766666666666666,0.42678227360308285
20,20,10,151,151,11,300,0.44203399983234704,3.6227380025099754,0,3.5166666666666666,1.4766666666666666,0.4199052132701422
57,60,60,51,170,5,300,1.185479200212285,2441.6553284672045,0,2579.5833333333335,1813.2,0.7029042157971248
57,60,60,91,210,7,300,4.486851899884641,2499.003368629196,0,2580.67,1813.2,0.7026082373957151
57,60,60,151,270,11,300,10.06829490000382,2523.6414642705836,0,2585.3133333333335,1813.2,0.7013463229473151
